year,predicted_net_emission
2022,839697.0616202131
2023,854213.4001142643
2024,868729.7386083119
2025,883246.0771023631
2026,897762.4155964106
